ID,methane,dl,location,proximity
1,26,1,Valley,Far
2,17000,0,Valley,Far
3,26,1,Upland,Far
4,26,1,Upland,Far
5,0.11,0,Upland,Near
6,0.11,0,Valley,Far
7,0.23,0,Upland,Far
8,1.8,0,Upland,Far
9,0.91,0,Upland,Far
10,0.39,0,Valley,Far
11,1.7,0,Upland,Far
12,0.3,0,Valley,Far
13,1400,0,Valley,Far
14,0.1,1,Upland,Near
15,0.71,0,Upland,Far
16,1300,0,Valley,Far
17,28,0,Upland,Far
18,230,0,Upland,Far
19,1.4,0,Upland,Far
20,3.2,0,Upland,Far
21,0.79,0,Valley,Far
22,0.16,0,Valley,Far
23,0.1,1,Upland,Far
24,14,0,Valley,Far
25,1.2,0,Upland,Near
26,2.9,0,Valley,Far
27,57,0,Upland,Near
28,0.32,0,Upland,Far
29,68,0,Upland,Far
30,0.14,0,Upland,Far
31,26,1,Upland,Far
32,18000,0,Valley,Far
33,0.12,0,Upland,Far
34,0.62,0,Upland,Near
35,0.37,0,Upland,Near
36,0.77,0,Valley,Far
37,0.79,0,Upland,Near
38,0.24,0,Upland,Far
39,0.31,0,Upland,Far
40,1,0,Upland,Far
41,0.3,0,Upland,Far
42,0.1,1,Upland,Far
43,0.74,0,Upland,Far
44,0.2,0,Valley,Far
45,16,0,Valley,Far
46,0.1,1,Valley,Far
47,0.28,0,Valley,Far
48,0.22,0,Valley,Far
49,0.19,0,Upland,Far
50,0.1,1,Upland,Far
51,0.36,0,Valley,Far
52,0.1,1,Upland,Far
53,38,0,Valley,Far
54,0.1,1,Valley,Far
55,2.9,0,Upland,Far
56,9500,0,Valley,Far
57,3.2,0,Valley,Far
58,0.63,0,Valley,Far
59,39,0,Valley,Far
60,0.11,0,Upland,Far
61,0.74,0,Valley,Far
62,1.1,0,Valley,Far
63,140,0,Valley,Far
64,0.18,0,Valley,Far
65,0.11,0,Valley,Far
66,19,0,Valley,Far
67,610,0,Valley,Far
68,1.1,0,Valley,Far
69,0.12,0,Upland,Far
70,3.4,0,Valley,Far
71,0.16,0,Valley,Far
72,0.23,0,Valley,Far
73,0.81,0,Valley,Far
74,0.15,0,Valley,Far
75,0.12,0,Valley,Far
76,0.7,0,Valley,Far
77,0.1,1,Valley,Far
78,440,0,Valley,Far
79,0.6,0,Upland,Far
80,1.4,0,Valley,Far
81,0.26,0,Valley,Far
82,0.12,0,Valley,Near
83,0.33,0,Valley,Far
84,0.44,0,Valley,Far
85,0.12,0,Upland,Far
86,4.5,0,Valley,Far
87,0.34,0,Valley,Far
88,17000,0,Valley,Far
89,0.1,1,Upland,Far
90,7.3,0,Valley,Far
91,1.3,0,Valley,Far
92,12,0,Valley,Far
93,0.1,1,Upland,Near
94,1.9,0,Upland,Far
95,0.34,0,Valley,Far
96,0.17,0,Valley,Far
97,610,0,Upland,Far
98,3,0,Valley,Far
99,13000,0,Valley,Far
100,25000,0,Valley,Far
101,27000,0,Valley,Far
102,0.1,1,Valley,Near
103,22000,0,Valley,Far
104,0.29,0,Valley,Far
105,0.75,0,Upland,Far
106,24000,0,Valley,Far
107,11,0,Valley,Far
108,0.86,0,Valley,Far
109,0.28,0,Valley,Far
110,3.6,0,Upland,Far
111,0.1,1,Valley,Far
112,85,0,Valley,Far
113,0.63,0,Valley,Far
114,4300,0,Upland,Far
115,6600,0,Valley,Far
116,0.83,0,Valley,Far
117,4200,0,Valley,Far
118,0.12,0,Upland,Far
119,0.35,0,Valley,Far
120,0.92,0,Upland,Far
121,0.99,0,Upland,Far
122,0.22,0,Upland,Far
123,1.5,0,Valley,Far
124,430,0,Upland,Far
125,0.8,0,Upland,Far
126,4.1,0,Valley,Far
127,140,0,Valley,Far
128,2,0,Valley,Far
129,0.12,0,Upland,Near
130,16000,0,Valley,Far
131,0.3,0,Upland,Far
132,0.21,0,Valley,Far
133,0.4,0,Upland,Far
134,38,0,Valley,Far
135,0.35,0,Upland,Far
136,0.1,1,Valley,Far
137,0.14,0,Upland,Near
138,0.31,0,Upland,Near
139,2.2,0,Valley,Far
140,0.38,0,Upland,Far
141,0.1,1,Upland,Near
142,0.15,0,Upland,Near
143,16000,0,Upland,Far
144,85,0,Valley,Far
145,0.13,0,Valley,Far
146,1.6,0,Upland,Far
147,0.087,0,Valley,Far
148,120,0,Upland,Near
149,0.22,0,Valley,Far
150,3.4,0,Valley,Far
151,1.9,0,Upland,Far
152,120,0,Valley,Far
153,7.6,0,Valley,Far
154,0.28,0,Upland,Far
155,0.2,0,Upland,Far
156,19,0,Valley,Far
157,5100,0,Valley,Far
158,0.71,0,Upland,Near
159,2,0,Valley,Far
160,0.34,0,Upland,Far
161,1.3,0,Upland,Far
162,0.68,0,Upland,Far
163,0.2,0,Valley,Near
164,4.7,0,Valley,Near
165,8.1,0,Upland,Far
166,0.31,0,Upland,Far
167,0.14,0,Upland,Far
168,0.48,0,Valley,Near
169,1.5,0,Valley,Near
170,210,0,Upland,Near
171,59,0,Upland,Far
172,17,0,Upland,Far
173,22000,0,Valley,Near
174,0.32,0,Upland,Near
175,1.6,0,Valley,Far
176,0.3,0,Valley,Far
177,1.9,0,Valley,Far
178,0.36,0,Upland,Far
179,0.1,1,Upland,Far
180,1.1,0,Valley,Near
181,0.23,0,Valley,Near
182,0.44,0,Valley,Near
183,0.18,0,Valley,Far
184,0.17,0,Upland,Far
185,3000,0,Upland,Near
186,0.12,0,Valley,Near
187,1100,0,Valley,Far
188,0.21,0,Valley,Near
189,0.1,1,Valley,Far
190,0.1,1,Valley,Near
191,0.11,0,Valley,Near
192,12,0,Valley,Near
193,0.32,0,Valley,Near
194,0.18,0,Valley,Near
195,0.16,0,Valley,Near
196,0.1,1,Valley,Near
197,0.16,0,Valley,Near
198,50,0,Valley,Far
199,180,0,Upland,Far
200,0.49,0,Valley,Far
201,0.64,0,Valley,Far
202,0.078,0,Valley,Near
203,1.1,0,Valley,Near
204,0.28,0,Upland,Far
205,6.4,0,Valley,Near
206,0.15,0,Valley,Near
207,0.5,0,Valley,Near
208,0.12,0,Valley,Near
209,0.74,0,Valley,Near
210,2.8,0,Valley,Far
211,0.11,0,Upland,Far
212,0.7,0,Valley,Far
213,0.24,0,Valley,Near
214,1.8,0,Valley,Near
215,0.76,0,Valley,Far
216,9.3,0,Valley,Far
217,0.13,0,Upland,Far
218,0.15,0,Upland,Far
219,12,0,Valley,Near
220,1.5,0,Valley,Far
221,0.11,0,Valley,Far
222,0.12,0,Upland,Far
223,0.1,1,Upland,Far
224,0.1,1,Valley,Far
225,1,0,Upland,Far
226,0.58,0,Valley,Near
227,170,0,Valley,Near
228,0.1,1,Valley,Far
229,0.19,0,Valley,Near
230,0.31,0,Upland,Far
231,0.31,0,Upland,Far
232,0.13,0,Valley,Near
233,0.26,0,Valley,Near
234,0.15,0,Valley,Near
235,0.21,0,Valley,Near
236,0.18,0,Upland,Near
237,0.67,0,Valley,Near
238,5200,0,Valley,Near
239,8.2,0,Valley,Near
240,0.78,0,Valley,Near
241,0.3,0,Upland,Far
242,0.32,0,Valley,Near
243,0.12,0,Upland,Far
244,1.7,0,Valley,Near
245,1.5,0,Valley,Near
246,0.23,0,Valley,Far
247,0.65,0,Upland,Far
248,0.1,1,Valley,Far
249,0.5,0,Valley,Near
250,0.11,0,Upland,Far
251,0.58,1,Upland,Far
252,13,0,Valley,Near
253,27,0,Upland,Near
254,19000,0,Valley,Near
255,1.1,0,Valley,Near
256,7.6,0,Upland,Near
257,0.12,0,Valley,Near
258,0.92,0,Upland,Far
259,1.3,0,Valley,Near
260,770,0,Valley,Near
261,0.2,0,Valley,Near
262,8.4,0,Valley,Near
263,1.5,0,Valley,Near
264,290,0,Valley,Far
265,2.7,0,Valley,Far
266,2.7,0,Valley,Near
267,2.8,0,Upland,Far
268,1100,0,Valley,Far
269,0.34,0,Valley,Far
270,0.23,0,Valley,Far
271,0.46,0,Upland,Far
272,0.1,1,Upland,Near
273,1.1,0,Upland,Far
274,440,0,Upland,Far
275,0.82,0,Upland,Near
276,0.52,0,Upland,Far
277,17,0,Valley,Near
278,1,0,Valley,Far
279,1.7,0,Upland,Far
280,1.7,0,Upland,Far
281,0.31,0,Valley,Near
282,1.3,0,Valley,Far
283,0.12,0,Upland,Near
284,0.14,0,Upland,Far
285,0.23,0,Upland,Far
286,0.1,1,Upland,Far
287,28,0,Valley,Near
288,0.17,0,Upland,Far
289,2.8,0,Upland,Far
290,1.8,0,Valley,Far
291,0.62,0,Upland,Far
292,0.15,0,Valley,Far
293,0.32,0,Valley,Near
294,0.41,0,Upland,Near
295,0.22,0,Upland,Near
296,0.24,0,Upland,Far
297,0.34,0,Valley,Far
298,20900,0,Valley,Near
299,26,1,Upland,Near
300,185,0,Valley,Far
301,1.1,0,Valley,Near
302,3.7,0,Upland,Near
303,0.1,1,Upland,Far
304,0.1,1,Valley,Near
305,3.2,0,Upland,Near
306,2.3,0,Upland,Far
307,0.1,1,Valley,Far
308,0.58,0,Valley,Near
309,0.1,1,Upland,Far
310,0.1,1,Upland,Far
311,7.3,0,Valley,Far
312,1.3,0,Valley,Far
313,0.11,0,Upland,Far
314,0.84,0,Upland,Far
315,0.98,0,Upland,Far
316,0.14,0,Upland,Far
317,0.55,0,Valley,Near
318,2000,0,Upland,Near
319,5.5,0,Valley,Near
320,0.16,0,Valley,Far
321,26,1,Valley,Far
322,26,1,Upland,Near
323,26,1,Valley,Near
324,26,1,Upland,Far
325,26,1,Upland,Far
326,0.1,1,Upland,Near
327,26,1,Valley,Far
328,26,1,Upland,Far
329,26,1,Valley,Far
330,26,1,Upland,Far
331,26,1,Upland,Near
332,26,1,Valley,Near
333,26,1,Valley,Near
334,26,1,Upland,Near
335,26,1,Valley,Far
336,26,1,Valley,Near
337,26,1,Upland,Near
338,26,1,Upland,Near
339,26,1,Valley,Near
340,26,1,Valley,Near
341,26,1,Valley,Near
342,26,1,Valley,Near
343,26,1,Valley,Near
344,0.44,0,Upland,Far
345,26,1,Valley,Near
346,26,1,Valley,Near
347,26,1,Upland,Near
348,26,1,Valley,Near
349,26,1,Valley,Near
350,26,1,Valley,Near
351,26,1,Valley,Near
352,26,1,Valley,Near
353,26,1,Valley,Near
354,26,1,Valley,Near
355,26,1,Valley,Near
356,26,1,Valley,Near
357,26,1,Upland,Near
358,26,1,Valley,Near
359,26,1,Valley,Near
360,26,1,Valley,Near
361,26,1,Valley,Near
362,26,1,Valley,Near
363,26,1,Valley,Near
364,26,1,Valley,Near
365,26,1,Valley,Near
366,26,1,Upland,Near
367,26,1,Valley,Near
368,26,1,Valley,Near
369,26,1,Upland,Near
370,26,1,Valley,Near
371,26,1,Valley,Near
372,26,1,Valley,Near
373,26,1,Valley,Near
374,26,1,Valley,Near
375,26,1,Valley,Near
376,26,1,Valley,Near
377,26,1,Valley,Near
378,26,1,Valley,Near
379,26,1,Valley,Near
380,26,1,Valley,Near
381,26,1,Valley,Near
382,26,1,Valley,Near
383,26,1,Valley,Near
384,26,1,Valley,Near
385,26,1,Valley,Near
386,26,1,Valley,Near
387,26,1,Valley,Near
388,0.3,0,Valley,Far
389,0.1,1,Upland,Near
390,0.13,0,Valley,Far
391,0.1,1,Valley,Near
392,40,0,Upland,Far
393,0.1,1,Upland,Near
394,0.1,1,Upland,Far
395,0.16,0,Upland,Far
396,0.1,1,Valley,Near
397,1.2,0,Valley,Far
398,1.1,0,Upland,Near
399,0.05,1,Upland,Far
400,1.1,0,Valley,Far
401,220,0,Upland,Near
402,2.2,0,Upland,Far
403,0.46,0,Upland,Near
404,170,0,Upland,Far
405,0.68,0,Upland,Far
406,0.58,0,Upland,Far
407,0.46,0,Upland,Far
408,0.1,1,Upland,Far
409,0.16,0,Upland,Far
410,0.6,0,Valley,Far
411,16,0,Valley,Far
412,1.5,0,Upland,Far
413,2.3,0,Valley,Far
414,2.7,0,Valley,Near
415,0.83,0,Upland,Far
416,2.5,0,Valley,Near
417,0.84,0,Upland,Far
418,1.8,0,Valley,Far
419,1.2,0,Valley,Far
420,0.12,0,Upland,Far
421,0.1,1,Upland,Far
422,49,0,Upland,Near
423,0.13,0,Valley,Near
424,0.61,0,Upland,Near
425,1,1,Upland,Far
426,15000,0,Valley,Far
427,2.4,0,Upland,Far
428,0.24,0,Upland,Near
429,1.7,0,Upland,Far
430,0.14,0,Upland,Far
431,0.12,0,Upland,Far
432,0.45,0,Valley,Far
433,0.16,0,Valley,Far
434,0.13,0,Valley,Far
435,6.1,0,Valley,Far
436,0.16,0,Upland,Far
437,0.28,0,Valley,Far
438,1200,0,Valley,Far
439,0.34,0,Valley,Far
440,0.16,0,Upland,Far
441,0.1,0,Valley,Far
442,24,0,Valley,Far
443,0.48,0,Upland,Far
444,12,0,Valley,Far
445,290,0,Upland,Far
446,36,0,Valley,Far
447,0.81,0,Upland,Far
448,1.1,0,Upland,Far
449,0.33,0,Upland,Far
450,0.14,0,Upland,Far
451,0.1,1,Valley,Far
452,0.15,0,Upland,Far
453,0.23,0,Upland,Far
454,0.2,0,Upland,Far
455,0.13,0,Valley,Far
456,0.43,0,Valley,Far
457,4.1,0,Valley,Far
458,26,1,Valley,Near
459,46.7,0,Upland,Near
460,26,1,Upland,Far
461,1.6,0,Valley,Far
462,26,1,Upland,Far
463,26,1,Upland,Far
464,26,1,Upland,Far
465,9,0,Valley,Far
466,26,1,Upland,Near
467,26,1,Upland,Near
468,26,1,Valley,Far
469,0.1,1,Valley,Far
470,26,1,Valley,Far
471,26,1,Valley,Near
472,26,1,Valley,Far
473,26,1,Upland,Far
474,0.25,0,Valley,Far
475,26,1,Valley,Far
476,0.6,0,Upland,Far
477,26,1,Valley,Far
478,26,1,Valley,Near
479,0.47,0,Upland,Far
480,0.12,0,Upland,Far
481,26,1,Valley,Far
482,26,1,Valley,Far
483,26,1,Upland,Far
484,26,1,Valley,Far
485,26,1,Upland,Far
486,26,1,Valley,Far
487,26,1,Valley,Far
488,26,1,Valley,Far
489,26,1,Upland,Far
490,26,1,Valley,Far
491,9.4,0,Valley,Far
492,0.16,0,Valley,Far
493,39000,0,Valley,Far
494,26,1,Valley,Far
495,26,1,Upland,Far
496,26,1,Valley,Far
497,26,1,Upland,Far
498,26,1,Upland,Far
499,26,1,Valley,Near
500,0.1,1,Upland,Far
501,26,1,Valley,Near
502,26,1,Valley,Near
503,26,1,Valley,Near
504,37,0,Valley,Far
505,26,1,Valley,Near
506,2.5,0,Valley,Near
507,26,1,Upland,Far
508,26,1,Valley,Far
509,26,1,Upland,Far
510,1.6,0,Valley,Near
511,213,0,Upland,Far
512,0.65,0,Upland,Near
513,0.16,0,Valley,Far
514,0.52,0,Upland,Far
515,0.13,0,Upland,Far
516,2.2,0,Valley,Far
517,0.14,0,Upland,Far
518,120,0,Valley,Far
519,0.1,1,Upland,Far
520,0.12,0,Upland,Far
521,0.15,0,Valley,Far
522,0.71,0,Upland,Near
523,11000,0,Valley,Far
524,6.3,0,Valley,Far
525,0.26,0,Upland,Far
526,0.18,0,Valley,Far
527,1.2,0,Valley,Far
528,0.1,1,Upland,Far
529,0.95,0,Upland,Far
530,1.4,0,Upland,Far
531,0.18,0,Upland,Far
532,0.2,0,Upland,Far
533,0.13,0,Upland,Far
534,0.12,0,Upland,Far
535,0.13,0,Valley,Far
536,0.2,0,Upland,Far
537,0.1,1,Upland,Far
538,0.2,0,Upland,Far
539,0.56,0,Upland,Far
540,160,0,Upland,Far
541,0.55,0,Valley,Far
542,0.1,1,Upland,Far
543,1.7,0,Valley,Far
544,1.4,0,Valley,Far
545,0.25,0,Valley,Far
546,0.14,0,Upland,Far
547,1.2,0,Upland,Far
548,2,0,Valley,Far
549,0.29,0,Upland,Far
550,0.47,0,Valley,Far
551,0.13,0,Upland,Far
552,0.19,0,Valley,Far
553,0.33,0,Upland,Far
554,0.34,0,Valley,Far
555,5300,0,Upland,Far
556,0.22,0,Upland,Far
557,95,0,Valley,Far
558,330,0,Valley,Far
559,0.17,0,Valley,Far
560,3.4,0,Valley,Far
561,0.44,0,Valley,Far
562,0.14,0,Upland,Far
563,0.27,0,Valley,Near
564,0.16,0,Upland,Far
565,0.16,0,Upland,Far
566,0.27,0,Upland,Far
567,0.19,0,Upland,Far
568,1800,0,Valley,Far
569,5800,0,Valley,Far
570,0.2,0,Upland,Far
571,0.34,0,Upland,Far
572,0.1,0,Upland,Far
573,160,0,Valley,Far
574,0.13,0,Valley,Far
575,2800,0,Valley,Far
576,0.15,0,Valley,Far
577,0.4,0,Upland,Far
578,0.16,0,Upland,Far
579,3300,0,Valley,Far
580,670,0,Valley,Far
581,0.32,0,Upland,Far
582,0.17,0,Upland,Far
583,0.5,0,Valley,Far
584,0.18,0,Upland,Far
585,0.33,0,Valley,Far
586,0.29,0,Upland,Far
587,0.27,0,Valley,Far
588,0.41,0,Upland,Far
589,13,0,Upland,Far
590,40,0,Valley,Far
591,0.76,0,Upland,Far
592,0.1,1,Valley,Far
593,1.5,0,Valley,Far
594,0.44,0,Upland,Far
595,13,0,Valley,Far
596,1900,0,Upland,Far
597,0.31,0,Valley,Far
598,0.12,0,Valley,Far
599,0.18,0,Valley,Far
600,0.5,0,Valley,Far
601,0.16,0,Upland,Far
602,0.18,0,Valley,Far
603,0.31,0,Valley,Far
604,0.15,0,Valley,Far
605,0.47,0,Valley,Far
606,0.3,0,Upland,Far
607,0.22,0,Upland,Far
608,0.1,1,Valley,Far
609,0.4,0,Upland,Far
610,0.17,0,Upland,Far
611,2.4,0,Upland,Far
612,0.99,0,Valley,Far
613,0.18,0,Upland,Far
614,520,0,Upland,Far
615,0.14,0,Upland,Far
616,0.11,0,Upland,Far
617,420,0,Valley,Far
618,0.18,0,Upland,Far
619,0.42,0,Valley,Far
620,0.54,0,Valley,Far
621,3.2,0,Valley,Far
622,1200,0,Valley,Far
623,0.14,0,Upland,Far
624,0.39,0,Upland,Far
625,2300,0,Valley,Far
626,0.13,0,Valley,Far
627,260,0,Valley,Far
628,0.25,0,Upland,Far
629,0.18,0,Valley,Far
630,0.34,0,Upland,Far
631,0.23,0,Valley,Far
632,0.18,0,Valley,Far
633,0.14,0,Valley,Far
634,1.5,0,Valley,Far
635,0.12,0,Valley,Far
636,0.36,0,Valley,Far
637,0.32,0,Upland,Far
638,54,0,Valley,Far
639,6.6,0,Valley,Far
640,0.24,0,Upland,Far
641,760,0,Upland,Far
642,2600,0,Upland,Far
643,0.16,0,Valley,Far
644,0.24,0,Upland,Far
645,0.1,0,Upland,Far
646,7.2,0,Valley,Far
647,0.13,0,Upland,Far
648,600,0,Valley,Far
649,0.12,0,Valley,Far
650,0.57,0,Valley,Far
651,0.1,1,Valley,Far
652,0.28,0,Valley,Far
653,0.23,0,Upland,Far
654,1.2,0,Valley,Far
655,0.14,0,Upland,Far
656,0.27,0,Upland,Far
657,0.15,0,Upland,Far
658,0.1,1,Valley,Far
659,2300,0,Upland,Far
660,0.24,0,Upland,Far
661,22,0,Valley,Far
662,0.1,1,Valley,Far
663,0.1,1,Valley,Far
664,1.2,0,Upland,Far
665,0.63,0,Upland,Far
666,0.1,1,Valley,Far
667,0.66,0,Upland,Far
668,0.51,0,Upland,Far
669,5.3,0,Upland,Far
670,0.1,1,Valley,Far
671,3,0,Valley,Far
672,0.75,0,Upland,Far
673,0.1,1,Valley,Far
674,0.1,1,Upland,Far
675,0.27,0,Upland,Far
676,0.1,1,Upland,Far
677,0.11,0,Upland,Far
678,0.38,0,Valley,Far
679,0.89,0,Upland,Far
680,0.98,0,Upland,Far
681,0.1,0,Upland,Far
682,0.5,0,Upland,Far
683,0.18,0,Upland,Far
684,1.6,0,Valley,Far
685,150,0,Valley,Far
686,1700,0,Upland,Far
687,2.3,0,Valley,Far
688,29,0,Valley,Far
689,2.5,0,Valley,Far
690,0.51,0,Upland,Near
691,0.42,0,Upland,Far
692,0.61,0,Upland,Far
693,0.39,0,Upland,Far
694,0.17,0,Upland,Far
695,11000,0,Valley,Far
696,0.46,0,Valley,Far
697,260,0,Upland,Far
698,210,0,Valley,Far
699,0.22,0,Valley,Far
700,3300,0,Valley,Far
701,0.13,0,Upland,Far
702,0.1,1,Upland,Far
703,4.2,0,Valley,Far
704,0.34,0,Valley,Far
705,2.2,0,Valley,Far
706,0.45,0,Upland,Far
707,0.37,0,Upland,Far
708,0.71,0,Upland,Far
709,4.9,0,Upland,Far
710,0.21,0,Upland,Far
711,140,0,Valley,Far
712,7.6,0,Upland,Far
713,0.11,0,Valley,Far
714,73,0,Valley,Far
715,0.26,0,Valley,Far
716,0.11,0,Upland,Far
717,0.2,0,Valley,Far
718,0.51,0,Valley,Far
719,0.1,1,Valley,Far
720,0.46,0,Valley,Far
721,0.26,0,Upland,Far
722,0.65,0,Valley,Far
723,2200,0,Valley,Far
724,1.3,0,Upland,Far
725,0.12,0,Upland,Far
726,2400,0,Valley,Far
727,0.072,0,Upland,Far
728,5.8,0,Upland,Far
729,0.23,0,Valley,Far
730,0.13,0,Upland,Far
731,0.1,1,Valley,Far
732,14,0,Upland,Far
733,5.7,0,Valley,Far
734,9,0,Valley,Far
735,15,0,Upland,Far
736,0.34,0,Valley,Far
737,0.2,0,Upland,Far
738,94,0,Valley,Far
739,48,0,Valley,Far
740,700,0,Valley,Far
741,0.1,0,Upland,Far
742,1.4,0,Valley,Far
743,23,0,Valley,Far
744,0.13,0,Valley,Far
745,0.1,1,Valley,Far
746,1300,0,Valley,Far
747,210,0,Valley,Far
748,0.92,0,Valley,Far
749,16,0,Upland,Far
750,500,0,Upland,Far
751,0.15,0,Upland,Far
752,0.13,0,Valley,Far
753,1.1,0,Upland,Far
754,0.13,0,Upland,Far
755,0.11,0,Valley,Far
756,2,0,Valley,Far
757,0.73,0,Upland,Far
758,0.22,0,Valley,Far
759,0.18,0,Valley,Far
760,0.1,1,Valley,Far
761,94,0,Valley,Near
762,0.14,0,Valley,Far
763,0.16,0,Valley,Far
764,0.66,0,Upland,Far
765,0.37,0,Upland,Far
766,12000,0,Valley,Far
767,6100,0,Valley,Far
768,11000,0,Valley,Far
769,7700,0,Valley,Far
770,0.59,0,Valley,Far
771,0.28,0,Upland,Far
772,1100,0,Valley,Far
773,13000,0,Valley,Far
774,0.1,1,Valley,Far
775,6.3,0,Valley,Far
776,0.26,0,Upland,Far
777,0.92,0,Upland,Far
778,640,0,Valley,Far
779,0.13,0,Valley,Far
780,0.15,0,Valley,Far
781,0.45,0,Upland,Far
782,0.36,0,Upland,Far
783,1.1,0,Upland,Far
784,1500,0,Valley,Far
785,0.13,0,Valley,Far
786,1.2,0,Valley,Far
787,0.1,0,Valley,Far
788,0.62,0,Valley,Far
789,0.6,0,Valley,Far
790,0.67,0,Valley,Far
791,2.5,0,Upland,Far
792,0.19,0,Valley,Far
793,0.11,0,Valley,Far
794,0.2,0,Valley,Far
795,1.1,0,Upland,Far
796,0.62,0,Valley,Far
797,0.57,0,Upland,Far
798,1.2,0,Upland,Far
799,1300,0,Upland,Far
800,200,0,Valley,Far
801,64,0,Valley,Far
802,0.21,0,Upland,Far
803,0.7,0,Upland,Far
804,0.12,0,Upland,Far
805,0.14,0,Valley,Far
806,0.4,0,Upland,Far
807,0.23,0,Upland,Far
808,0.14,0,Upland,Far
809,14000,0,Valley,Far
810,0.12,0,Upland,Far
811,0.22,0,Valley,Far
812,600,0,Valley,Far
813,0.1,1,Upland,Far
814,0.15,0,Valley,Far
815,2.7,0,Valley,Far
816,1200,0,Valley,Far
817,0.11,0,Upland,Far
818,5.6,0,Valley,Far
819,8300,0,Upland,Near
820,0.25,0,Valley,Far
821,0.12,0,Valley,Far
822,0.15,0,Valley,Far
823,1.9,0,Valley,Far
824,0.34,0,Upland,Far
825,0.15,0,Upland,Far
826,0.1,1,Upland,Far
827,0.24,0,Valley,Far
828,0.19,0,Upland,Far
829,0.16,0,Valley,Far
830,0.16,0,Upland,Far
831,0.16,0,Valley,Far
832,0.1,1,Valley,Far
833,0.54,0,Valley,Far
834,0.41,0,Upland,Far
835,13,0,Upland,Far
836,0.66,0,Upland,Far
837,0.1,1,Upland,Far
838,1.5,0,Valley,Far
839,0.14,0,Upland,Far
840,0.16,0,Upland,Far
841,1.8,0,Valley,Far
842,620,0,Valley,Far
843,0.12,0,Upland,Far
844,4.7,0,Upland,Far
845,0.1,1,Upland,Far
846,0.1,1,Upland,Far
847,3.2,0,Upland,Far
848,2.1,0,Valley,Far
849,0.18,0,Valley,Far
850,0.38,0,Valley,Far
851,2300,0,Valley,Far
852,2.2,0,Valley,Far
853,0.56,0,Valley,Far
854,0.26,0,Valley,Far
855,7900,0,Valley,Far
856,9.4,0,Valley,Far
857,17000,0,Valley,Far
858,2.7,0,Valley,Near
859,0.1,1,Valley,Far
860,3.2,0,Valley,Far
861,0.1,1,Valley,Far
862,12000,0,Valley,Far
863,18000,0,Valley,Far
864,0.23,0,Upland,Far
865,0.17,0,Upland,Far
866,1.2,0,Upland,Far
867,0.72,0,Upland,Near
868,12000,0,Valley,Far
869,8900,0,Valley,Far
870,360,0,Valley,Far
871,1600,0,Valley,Far
872,0.22,0,Upland,Far
873,110,0,Upland,Far
874,870,0,Upland,Far
875,3.6,0,Upland,Far
876,0.44,0,Upland,Far
877,1800,0,Valley,Far
878,0.39,0,Upland,Far
879,8800,0,Valley,Far
880,5.6,0,Upland,Near
881,0.34,0,Valley,Far
882,12000,0,Valley,Far
883,0.43,0,Valley,Far
884,0.19,0,Valley,Far
885,520,0,Valley,Far
886,1900,0,Valley,Far
887,0.41,0,Valley,Far
888,1.2,0,Upland,Near
889,0.22,0,Upland,Far
890,26,0,Valley,Far
891,1.6,0,Upland,Far
892,2,0,Valley,Far
893,0.1,1,Upland,Far
894,0.15,0,Valley,Far
895,0.1,1,Upland,Far
896,0.14,0,Upland,Far
897,0.1,0,Valley,Far
898,0.19,0,Upland,Far
899,0.18,0,Upland,Far
900,0.19,0,Upland,Far
901,0.1,1,Upland,Far
902,1.1,0,Valley,Far
903,0.26,0,Valley,Far
904,6500,0,Valley,Near
905,2.2,0,Valley,Far
906,0.12,0,Valley,Far
907,0.22,0,Upland,Far
908,1.2,0,Valley,Far
909,0.17,0,Upland,Far
910,0.2,0,Upland,Far
911,0.28,0,Upland,Far
912,1,0,Valley,Far
913,0.1,0,Valley,Far
914,0.38,0,Upland,Far
915,1.1,0,Upland,Far
916,0.15,0,Upland,Far
917,0.26,0,Valley,Far
918,0.35,0,Upland,Far
919,0.21,0,Upland,Far
920,0.31,0,Valley,Far
921,11000,0,Valley,Near
922,0.33,0,Valley,Far
923,0.13,0,Valley,Near
924,0.5,0,Valley,Far
925,0.93,0,Valley,Far
926,0.52,0,Valley,Far
927,0.16,0,Valley,Far
928,75,0,Upland,Far
929,0.14,0,Upland,Far
930,0.44,0,Upland,Far
931,43000,0,Valley,Near
932,0.18,0,Upland,Far
933,390,0,Valley,Far
934,0.11,0,Valley,Far
935,0.22,0,Upland,Far
936,74,0,Upland,Far
937,2.8,0,Valley,Far
938,11000,0,Valley,Far
939,2.8,0,Upland,Far
940,0.12,0,Upland,Far
941,0.1,0,Valley,Far
942,1.6,0,Upland,Far
943,1800,0,Valley,Far
944,0.11,0,Valley,Far
945,0.59,0,Upland,Near
946,1.1,0,Valley,Far
947,2.9,0,Upland,Far
948,0.32,0,Upland,Far
949,0.45,0,Valley,Far
950,0.17,0,Valley,Far
951,1.9,0,Upland,Far
952,0.16,0,Valley,Far
953,0.1,1,Upland,Far
954,0.1,0,Valley,Far
955,0.14,0,Valley,Far
956,0.1,1,Valley,Far
957,0.69,0,Upland,Far
958,0.1,0,Valley,Far
959,0.18,0,Upland,Far
960,0.68,0,Upland,Far
961,12000,0,Valley,Far
962,6.8,0,Upland,Far
963,0.25,0,Valley,Far
964,16000,0,Valley,Far
965,0.2,0,Valley,Far
966,1.4,0,Upland,Far
967,900,0,Valley,Far
968,0.13,0,Upland,Near
969,13000,0,Valley,Far
970,0.54,0,Upland,Near
971,0.46,0,Upland,Far
972,0.1,1,Upland,Far
973,27,0,Valley,Far
974,4600,0,Valley,Far
975,0.24,0,Upland,Far
976,0.14,0,Upland,Far
977,0.1,0,Upland,Far
978,26,0,Upland,Far
979,0.23,0,Upland,Far
980,0.4,0,Upland,Far
981,1.5,0,Upland,Far
982,3400,0,Valley,Far
983,24000,0,Valley,Near
984,570,0,Valley,Far
985,0.1,0,Upland,Far
986,9.8,0,Valley,Far
987,29,0,Valley,Far
988,0.1,0,Valley,Far
989,0.1,1,Upland,Far
990,4000,0,Valley,Far
991,0.1,1,Upland,Far
992,0.96,0,Upland,Far
993,240,0,Upland,Far
994,0.1,1,Valley,Far
995,6300,0,Valley,Far
996,0.13,0,Upland,Far
997,0.1,1,Upland,Far
998,0.16,0,Upland,Far
999,0.44,0,Valley,Far
1000,1.5,0,Upland,Far
1001,0.1,1,Upland,Far
1002,4200,0,Valley,Far
1003,0.12,0,Valley,Far
1004,0.16,0,Valley,Far
1005,0.16,0,Valley,Far
1006,0.22,0,Valley,Far
1007,440,0,Valley,Far
1008,0.14,0,Valley,Far
1009,8000,0,Valley,Far
1010,0.14,0,Upland,Far
1011,0.1,1,Upland,Far
1012,88,0,Upland,Far
1013,0.1,1,Valley,Far
1014,0.25,0,Upland,Far
1015,0.1,1,Upland,Far
1016,0.1,0,Upland,Far
1017,0.4,0,Upland,Far
1018,2100,0,Valley,Far
1019,4.1,0,Valley,Far
1020,0.17,0,Upland,Far
1021,2,0,Upland,Far
1022,4900,0,Valley,Far
1023,0.7,0,Upland,Far
1024,0.1,1,Upland,Far
1025,64,0,Valley,Far
1026,0.1,1,Valley,Far
1027,0.14,0,Valley,Far
1028,0.88,0,Upland,Far
1029,0.1,1,Valley,Far
1030,0.82,0,Valley,Far
1031,140,0,Valley,Far
1032,27,0,Upland,Far
1033,13,0,Upland,Far
1034,1.2,0,Valley,Far
1035,15000,0,Valley,Near
1036,0.63,0,Upland,Far
1037,0.5,0,Upland,Far
1038,0.12,0,Valley,Far
1039,0.1,1,Valley,Near
1040,1,0,Valley,Far
1041,0.12,0,Upland,Near
1042,0.28,0,Upland,Far
1043,3.3,0,Valley,Far
1044,3.2,0,Valley,Far
1045,1.6,0,Valley,Far
1046,0.22,0,Valley,Far
1047,930,0,Valley,Far
1048,2.5,0,Valley,Far
1049,0.31,0,Valley,Far
1050,0.1,1,Upland,Far
1051,0.27,0,Upland,Far
1052,0.3,0,Upland,Far
1053,0.1,1,Valley,Far
1054,0.14,0,Upland,Far
1055,0.2,0,Valley,Far
1056,0.17,0,Upland,Far
1057,0.15,0,Valley,Far
1058,0.1,1,Upland,Far
1059,0.1,1,Upland,Far
1060,5,0,Upland,Far
1061,0.86,0,Upland,Far
1062,15000,0,Valley,Far
1063,81,0,Valley,Far
1064,0.1,1,Valley,Far
1065,0.56,0,Valley,Far
1066,0.1,1,Upland,Far
1067,0.1,1,Upland,Far
1068,9.3,0,Valley,Near
1069,2.7,0,Valley,Far
1070,0.28,0,Upland,Far
1071,1200,0,Valley,Near
1072,0.23,0,Valley,Near
1073,4600,0,Valley,Near
1074,0.12,0,Upland,Far
1075,0.18,0,Upland,Far
1076,0.12,0,Upland,Far
1077,0.1,0,Valley,Far
1078,0.45,0,Upland,Far
1079,0.34,0,Upland,Far
1080,0.21,0,Valley,Far
1081,0.17,0,Upland,Far
1082,0.28,0,Valley,Far
1083,26,1,Upland,Near
1084,26,1,Upland,Near
1085,20,0,Valley,Near
1086,26,1,Valley,Near
1087,26,1,Upland,Near
1088,26,1,Valley,Near
1089,26,1,Valley,Near
1090,22000,0,Valley,Near
1091,26,1,Upland,Far
1092,26,1,Valley,Far
1093,26,1,Upland,Near
1094,4.3,0,Valley,Near
1095,26,1,Valley,Near
1096,26,1,Valley,Near
1097,6.5,0,Upland,Near
1098,7,0,Upland,Far
1099,23000,0,Valley,Near
1100,26,1,Valley,Near
1101,0.13,0,Upland,Far
1102,26,1,Valley,Near
1103,26,1,Upland,Far
1104,26,1,Upland,Far
1105,3.8,0,Upland,Far
1106,26,1,Upland,Far
1107,26,1,Upland,Far
1108,7.5,0,Upland,Far
1109,2000,0,Upland,Far
1110,1370,0,Valley,Far
1111,0.1,1,Valley,Near
1112,26,1,Valley,Far
1113,213,0,Valley,Far
1114,0.31,0,Upland,Near
1115,26,1,Upland,Far
1116,26,1,Valley,Near
1117,140,0,Upland,Far
1118,26,1,Upland,Far
1119,26,1,Upland,Far
1120,26,1,Valley,Far
1121,26,1,Valley,Far
1122,26,1,Valley,Far
1123,26,1,Upland,Near
1124,26,1,Valley,Far
1125,26,1,Valley,Far
1126,26,1,Upland,Far
1127,26,1,Valley,Far
1128,26,1,Upland,Near
1129,26,1,Upland,Near
1130,0.51,0,Valley,Far
1131,30.9,0,Upland,Near
1132,20500,0,Valley,Far
1133,7.1,0,Upland,Near
1134,0.3,0,Upland,Far
1135,26,1,Upland,Far
1136,26,1,Upland,Near
1137,26,1,Upland,Near
1138,26,1,Valley,Near
1139,110,0,Valley,Far
1140,26,1,Valley,Far
1141,160,0,Valley,Far
1142,26,1,Valley,Far
1143,26,1,Upland,Far
1144,3.2,0,Upland,Near
1145,2.7,0,Upland,Near
1146,0.7,0,Upland,Far
1147,1.1,0,Upland,Far
1148,21,0,Valley,Far
1149,0.11,0,Upland,Far
1150,23000,0,Valley,Far
1151,0.87,0,Valley,Far
1152,0.43,0,Valley,Far
1153,2,0,Upland,Far
1154,0.35,0,Upland,Far
1155,0.21,0,Valley,Far
1156,0.28,0,Valley,Far
1157,11000,0,Upland,Far
1158,12000,0,Valley,Far
1159,22,0,Valley,Far
1160,5100,0,Upland,Far
1161,1.5,0,Valley,Far
1162,0.1,1,Upland,Far
1163,0.14,0,Upland,Far
1164,5.2,0,Valley,Far
1165,22000,0,Valley,Far
1166,0.12,0,Valley,Far
1167,0.34,0,Upland,Far
1168,0.19,0,Upland,Far
1169,8,0,Upland,Far
1170,0.1,1,Upland,Far
1171,3.4,0,Upland,Far
1172,0.14,0,Upland,Far
1173,15,0,Valley,Near
1174,0.29,0,Upland,Far
1175,0.18,0,Upland,Far
1176,300,0,Valley,Far
1177,0.32,0,Upland,Far
1178,0.15,0,Valley,Far
1179,2,0,Upland,Far
1180,0.41,0,Upland,Far
1181,0.1,1,Valley,Far
1182,6.6,0,Upland,Far
1183,0.11,0,Valley,Far
1184,8.8,0,Upland,Near
1185,0.15,0,Valley,Far
1186,0.72,0,Upland,Far
1187,0.24,0,Valley,Far
1188,26,1,Valley,Far
1189,0.29,0,Valley,Far
1190,5,1,Upland,Far
1191,5,1,Upland,Far
1192,52.1,0,Upland,Near
1193,0.19,0,Upland,Far
1194,26,1,Valley,Near
1195,372,0,Upland,Near
1196,0.84,0,Upland,Far
1197,0.26,0,Upland,Near
1198,26,1,Upland,Near
1199,0.43,0,Upland,Far
1200,0.12,0,Upland,Far
1201,0.18,0,Upland,Far
1202,0.13,0,Valley,Far
1203,0.31,0,Upland,Far
1204,1.4,0,Valley,Far
1205,0.1,1,Upland,Far
1206,2,0,Valley,Far
1207,0.28,0,Upland,Far
1208,18000,0,Valley,Far
1209,26,1,Valley,Near
1210,0.1,1,Upland,Far
1211,26,1,Upland,Near
1212,26,1,Valley,Far
1213,3.4,0,Upland,Far
1214,26,1,Upland,Far
1215,26,1,Upland,Far
1216,26,1,Upland,Far
1217,26,1,Upland,Near
1218,26,1,Upland,Near
1219,26,1,Valley,Far
1220,0.31,0,Upland,Far
1221,5,1,Upland,Far
1222,227,0,Upland,Near
1223,5,1,Upland,Far
1224,2.7,0,Upland,Far
1225,0.45,0,Valley,Near
1226,1.5,0,Upland,Near
1227,5,1,Upland,Far
1228,6.94,0,Valley,Far
1229,13000,0,Valley,Far
1230,0.28,0,Valley,Far
1231,2600,0,Valley,Far
1232,1.2,0,Upland,Far
1233,0.65,0,Upland,Far
1234,0.1,1,Valley,Far
1235,0.1,1,Valley,Far
1236,1,0,Upland,Far
1237,0.1,1,Upland,Far
1238,46,0,Valley,Far
1239,0.12,0,Upland,Far
1240,2000,0,Valley,Far
1241,0.2,0,Upland,Far
1242,2100,0,Valley,Far
1243,130,0,Upland,Near
1244,1.3,0,Valley,Far
1245,50,0,Upland,Near
1246,2,0,Upland,Far
1247,1700,0,Upland,Far
1248,390,0,Upland,Far
1249,16000,0,Valley,Far
1250,0.29,0,Upland,Far
1251,0.1,1,Upland,Far
1252,26,1,Valley,Near
1253,0.11,0,Upland,Far
1254,0.28,0,Upland,Far
1255,250,0,Valley,Near
1256,0.24,0,Upland,Near
1257,0.55,0,Upland,Far
1258,0.29,0,Upland,Near
1259,6.2,0,Valley,Near
1260,4.7,0,Valley,Far
1261,0.31,0,Valley,Far
1262,1.7,1,Upland,Far
1263,1.7,0,Upland,Far
1264,0.27,0,Valley,Near
1265,0.38,0,Upland,Far
1266,700,0,Upland,Far
1267,0.6,0,Upland,Far
1268,0.13,0,Upland,Near
1269,1.5,0,Upland,Far
1270,1.2,0,Upland,Near
1271,6.1,0,Valley,Far
1272,0.18,0,Upland,Far
1273,1.4,0,Upland,Far
1274,0.8,0,Upland,Near
1275,30,0,Upland,Far
1276,3,0,Valley,Far
1277,0.55,0,Valley,Far
1278,0.15,0,Upland,Near
1279,3.2,0,Upland,Far
1280,0.13,0,Upland,Near
1281,0.68,0,Upland,Far
1282,0.12,0,Upland,Far
1283,1.3,0,Upland,Far
1284,0.2,0,Upland,Far
1285,280,0,Upland,Far
1286,1.3,0,Valley,Far
1287,0.2,0,Valley,Far
1288,0.14,0,Upland,Far
1289,3.5,0,Valley,Near
1290,0.32,0,Upland,Far
1291,0.58,0,Upland,Far
1292,0.24,0,Upland,Far
1293,1.4,0,Upland,Far
1294,0.17,0,Upland,Near
1295,0.12,0,Upland,Far
1296,9.4,0,Valley,Far
1297,0.38,0,Upland,Far
1298,7.9,0,Upland,Far
1299,0.14,0,Upland,Far
1300,1.4,0,Valley,Far
1301,0.46,0,Upland,Far
1302,0.47,0,Upland,Far
1303,0.27,0,Upland,Far
1304,60,0,Valley,Far
1305,0.1,1,Valley,Far
1306,0.1,1,Valley,Far
1307,0.28,0,Upland,Near
1308,0.27,0,Valley,Far
1309,0.4,0,Valley,Far
1310,34,0,Valley,Far
1311,0.12,0,Valley,Far
1312,5.9,0,Valley,Far
1313,5,0,Valley,Far
1314,2.8,0,Upland,Far
1315,1.4,0,Valley,Near
1316,0.26,0,Upland,Far
1317,1600,0,Valley,Far
1318,0.79,0,Upland,Far
1319,57,0,Valley,Far
1320,0.11,0,Valley,Near
1321,0.32,0,Upland,Near
1322,19000,0,Upland,Far
1323,0.13,0,Upland,Near
1324,0.39,0,Valley,Far
1325,0.11,0,Upland,Far
1326,0.4,0,Upland,Far
1327,0.2,0,Upland,Far
1328,0.17,0,Upland,Far
1329,0.2,0,Upland,Far
1330,10,0,Valley,Far
1331,1.9,0,Upland,Far
1332,2.2,0,Valley,Far
1333,2500,0,Upland,Far
1334,0.37,0,Valley,Far
1335,0.1,1,Valley,Far
1336,0.24,0,Valley,Far
1337,0.1,0,Valley,Far
1338,0.11,0,Valley,Far
1339,0.15,0,Valley,Far
1340,50,0,Upland,Near
1341,0.15,0,Upland,Far
1342,0.1,1,Valley,Far
1343,0.64,0,Valley,Far
1344,340,0,Valley,Far
1345,56,0,Upland,Far
1346,24,0,Upland,Far
1347,0.13,0,Valley,Far
1348,0.2,0,Upland,Far
1349,0.6,0,Upland,Far
1350,0.19,0,Upland,Far
1351,0.1,1,Upland,Far
1352,1.5,0,Upland,Far
1353,0.68,0,Upland,Far
1354,0.16,0,Valley,Far
1355,0.14,0,Valley,Far
1356,14,0,Valley,Far
1357,0.1,0,Upland,Far
1358,0.73,0,Upland,Far
1359,0.22,0,Upland,Far
1360,0.4,0,Upland,Far
1361,0.24,0,Valley,Far
1362,3,0,Upland,Far
1363,0.16,0,Upland,Far
1364,0.18,0,Valley,Far
1365,0.1,1,Upland,Far
1366,620,0,Valley,Far
1367,2,0,Valley,Far
1368,0.12,0,Valley,Far
1369,0.48,0,Upland,Far
1370,0.52,0,Upland,Near
1371,0.27,0,Valley,Far
1372,17,0,Valley,Far
1373,0.28,0,Valley,Far
1374,0.51,0,Upland,Far
1375,0.1,1,Valley,Far
1376,0.18,0,Valley,Near
1377,0.33,0,Upland,Far
1378,360,0,Upland,Far
1379,0.1,1,Upland,Far
1380,340,0,Upland,Far
1381,7.4,0,Valley,Far
1382,2.2,0,Valley,Far
1383,3.1,0,Valley,Far
1384,1.7,0,Upland,Far
1385,0.1,1,Upland,Far
1386,0.1,1,Upland,Far
1387,2.9,0,Upland,Far
1388,0.7,0,Upland,Far
1389,0.2,0,Upland,Near
1390,31,0,Valley,Far
1391,0.15,0,Upland,Far
1392,0.1,1,Upland,Far
1393,1.7,0,Upland,Far
1394,2,0,Valley,Far
1395,0.2,0,Upland,Far
1396,0.21,0,Valley,Far
1397,0.15,0,Upland,Far
1398,0.1,1,Upland,Far
1399,2.4,0,Valley,Far
1400,1.2,0,Upland,Far
1401,0.1,1,Upland,Far
1402,43,0,Upland,Far
1403,0.1,1,Upland,Far
1404,0.82,0,Valley,Far
1405,0.28,0,Valley,Far
1406,0.22,0,Valley,Far
1407,4.1,0,Valley,Far
1408,940,0,Valley,Far
1409,0.16,0,Valley,Far
1410,0.15,0,Upland,Far
1411,5600,0,Valley,Far
1412,2800,0,Valley,Far
1413,0.27,0,Upland,Far
1414,14,0,Valley,Far
1415,0.18,0,Upland,Far
1416,0.55,0,Valley,Far
1417,0.11,0,Upland,Far
1418,1.9,0,Upland,Far
1419,4700,0,Valley,Far
1420,0.3,0,Upland,Far
1421,1.4,0,Upland,Far
1422,1.4,0,Upland,Near
1423,0.23,0,Upland,Far
1424,0.14,0,Valley,Far
1425,0.36,0,Valley,Far
1426,1,0,Upland,Far
1427,0.1,1,Valley,Far
1428,0.19,0,Valley,Far
1429,0.66,0,Upland,Far
1430,0.1,1,Valley,Far
1431,9,0,Valley,Far
1432,46,0,Upland,Far
1433,0.1,1,Valley,Far
1434,0.1,1,Upland,Far
1435,0.39,0,Upland,Far
1436,0.1,1,Upland,Far
1437,0.56,0,Upland,Far
1438,0.1,1,Valley,Far
1439,1.3,0,Upland,Far
1440,0.17,0,Upland,Far
1441,0.24,0,Valley,Far
1442,0.54,0,Upland,Far
1443,17,0,Valley,Far
1444,1.9,0,Valley,Far
1445,0.19,0,Upland,Far
1446,0.57,0,Valley,Far
1447,0.16,0,Upland,Far
1448,0.19,0,Upland,Far
1449,0.17,0,Upland,Far
1450,0.25,0,Upland,Far
1451,0.53,0,Upland,Near
1452,0.35,0,Upland,Far
1453,0.25,0,Upland,Far
1454,2.4,0,Valley,Far
1455,6.1,0,Valley,Far
1456,1.4,0,Valley,Far
1457,3.6,0,Upland,Near
1458,0.2,0,Upland,Far
1459,18000,0,Valley,Near
1460,0.52,0,Valley,Near
1461,26,1,Valley,Far
1462,26,1,Valley,Far
1463,43.5,0,Upland,Far
1464,0.1,1,Upland,Far
1465,5,1,Valley,Far
1466,0.29,0,Valley,Far
1467,5,1,Valley,Far
1468,0.12,0,Upland,Far
1469,0.11,0,Upland,Far
1470,5,1,Upland,Far
1471,0.1,1,Upland,Far
1472,1.1,0,Upland,Far
1473,0.1,1,Upland,Far
1474,4.6,0,Upland,Far
1475,1.7,0,Upland,Far
1476,0.98,0,Upland,Far
1477,0.26,0,Upland,Far
1478,0.87,0,Upland,Far
1479,0.77,0,Upland,Far
1480,1.8,0,Upland,Far
1481,35,0,Upland,Near
1482,2.1,0,Valley,Near
1483,39,0,Valley,Near
1484,1.4,0,Upland,Far
1485,1.4,0,Valley,Far
1486,26,1,Upland,Near
1487,26,1,Upland,Far
1488,26,1,Upland,Far
1489,0.13,0,Valley,Far
1490,26,1,Valley,Far
1491,8100,0,Upland,Far
1492,0.16,0,Upland,Near
1493,26,1,Upland,Far
1494,26,1,Valley,Far
1495,26,1,Valley,Near
1496,26,1,Valley,Far
1497,26,1,Upland,Far
1498,4.4,0,Upland,Far
1499,0.54,0,Upland,Near
1500,3.6,0,Upland,Near
1501,26,1,Upland,Far
1502,26,1,Upland,Far
1503,0.55,0,Upland,Near
1504,26,1,Valley,Far
1505,26,1,Upland,Far
1506,26,1,Valley,Far
1507,0.19,0,Valley,Far
1508,26,1,Upland,Far
1509,60.1,0,Valley,Far
1510,0.47,0,Upland,Far
1511,0.1,1,Upland,Far
1512,26,1,Upland,Far
1513,26,1,Upland,Far
1514,26,1,Valley,Near
1515,26,1,Upland,Far
1516,26,1,Upland,Far
1517,26,1,Upland,Far
1518,26,1,Upland,Far
1519,26,1,Upland,Far
1520,26,1,Upland,Far
1521,439,0,Valley,Far
1522,32.9,0,Valley,Far
1523,26,1,Upland,Far
1524,26,1,Upland,Far
1525,0.13,0,Valley,Far
1526,26,1,Upland,Far
1527,0.36,0,Upland,Far
1528,26,1,Valley,Far
1529,26,1,Upland,Far
1530,1.6,0,Upland,Far
1531,26,1,Upland,Far
1532,26,1,Upland,Far
1533,26,1,Upland,Far
1534,26,1,Upland,Far
1535,0.15,0,Upland,Far
1536,26,1,Valley,Near
1537,0.33,0,Upland,Far
1538,2200,0,Valley,Far
1539,26,1,Upland,Far
1540,0.73,0,Upland,Far
1541,30,0,Upland,Far
1542,26,1,Valley,Near
1543,3.1,0,Upland,Far
1544,0.16,0,Upland,Far
1545,26,1,Upland,Far
1546,1.1,0,Upland,Far
1547,26,1,Valley,Far
1548,151,0,Valley,Far
1549,26,1,Valley,Near
1550,26,1,Valley,Near
1551,26,1,Upland,Far
1552,26,1,Valley,Near
1553,26,1,Valley,Far
1554,16000,0,Upland,Far
1555,0.75,0,Upland,Far
1556,0.52,0,Valley,Near
1557,1400,0,Valley,Far
1558,0.26,0,Valley,Far
1559,1.1,0,Upland,Far
1560,2.4,0,Upland,Far
1561,0.1,1,Upland,Far
1562,0.1,1,Upland,Far
1563,540,0,Upland,Near
1564,0.1,1,Upland,Far
1565,0.11,0,Valley,Far
1566,0.71,0,Valley,Far
1567,5600,0,Valley,Far
1568,0.21,0,Valley,Far
1569,0.18,0,Upland,Far
1570,0.1,1,Valley,Far
1571,99,0,Valley,Far
1572,0.1,1,Upland,Far
1573,1.1,0,Upland,Far
1574,0.13,0,Upland,Far
1575,0.11,0,Upland,Far
1576,0.1,1,Upland,Far
1577,0.1,1,Upland,Far
1578,0.12,0,Upland,Far
1579,220,0,Upland,Far
1580,0.64,0,Valley,Far
1581,0.1,1,Upland,Far
1582,0.1,1,Upland,Far
1583,0.16,0,Valley,Near
1584,0.1,1,Upland,Far
1585,0.26,0,Upland,Far
1586,0.1,1,Upland,Far
1587,0.52,0,Valley,Far
1588,0.11,0,Valley,Far
1589,0.11,0,Upland,Far
1590,0.43,0,Valley,Far
1591,26,1,Upland,Near
1592,0.21,0,Valley,Far
1593,2.7,0,Upland,Far
1594,2.3,0,Upland,Near
1595,0.19,0,Upland,Far
1596,1900,0,Valley,Far
1597,1.1,0,Upland,Far
1598,4.2,0,Valley,Near
1599,1.3,0,Upland,Far
1600,0.63,0,Valley,Near
1601,0.85,0,Valley,Near
1602,0.76,0,Upland,Far
1603,0.34,0,Upland,Far
1604,0.67,0,Upland,Far
1605,2,0,Upland,Far
1606,0.9,0,Upland,Far
1607,0.29,0,Upland,Far
1608,2.3,0,Upland,Far
1609,3.3,0,Upland,Far
1610,34,0,Upland,Far
1611,0.17,0,Upland,Near
1612,5.7,0,Upland,Far
1613,0.52,0,Upland,Near
1614,0.17,0,Valley,Far
1615,0.1,1,Upland,Far
1616,0.18,0,Valley,Far
1617,0.1,1,Valley,Far
1618,0.1,1,Valley,Far
1619,1,0,Valley,Near
1620,4.8,0,Upland,Far
1621,0.2,0,Valley,Far
1622,220,0,Upland,Near
1623,0.78,0,Upland,Far
1624,32000,0,Upland,Far
1625,3.7,0,Upland,Far
1626,0.19,0,Valley,Far
1627,0.34,0,Valley,Far
1628,3500,0,Valley,Far
1629,1.6,0,Valley,Far
1630,0.16,0,Valley,Far
1631,12,0,Valley,Far
1632,16,0,Valley,Far
1633,1.4,0,Upland,Near
1634,22,0,Valley,Far
1635,11,0,Valley,Near
1636,18,0,Upland,Far
1637,620,0,Valley,Far
1638,1,1,Upland,Far
1639,0.35,0,Upland,Far
1640,0.1,1,Valley,Far
1641,0.31,0,Valley,Far
1642,2500,0,Valley,Far
1643,5,0,Upland,Far
1644,0.42,0,Valley,Far
1645,0.19,0,Valley,Far
1646,0.12,0,Valley,Far
1647,0.1,1,Upland,Far
1648,0.32,0,Upland,Far
1649,0.24,0,Upland,Far
1650,3.4,0,Valley,Far
1651,0.19,0,Valley,Far
1652,0.11,0,Upland,Far
1653,190,0,Valley,Far
1654,70,0,Valley,Far
1655,0.13,0,Valley,Far
1656,0.1,1,Valley,Far
1657,470,0,Upland,Near
1658,0.1,1,Upland,Far
1659,0.81,0,Valley,Far
1660,0.1,1,Upland,Far
1661,1.2,0,Upland,Far
1662,51,0,Valley,Far
1663,610,0,Upland,Far
1664,0.37,0,Upland,Far
1665,39,0,Upland,Far
1666,540,0,Valley,Far
1667,56,0,Valley,Near
1668,0.14,0,Valley,Far
1669,19000,0,Valley,Far
1670,1.3,0,Valley,Far
1671,0.32,0,Upland,Near
1672,0.13,0,Upland,Far
1673,0.094,0,Upland,Far
1674,34,0,Valley,Far
1675,1.4,0,Valley,Near
1676,3600,0,Upland,Far
1677,1.5,0,Valley,Near
1678,0.2,0,Valley,Near
1679,4.8,0,Upland,Near
1680,0.42,0,Valley,Near
1681,0.37,0,Valley,Near
1682,0.12,0,Upland,Far
1683,0.1,1,Upland,Far
1684,1.1,0,Valley,Near
1685,290,0,Upland,Far
1686,0.17,0,Upland,Near
1687,0.34,0,Valley,Far
1688,0.1,1,Valley,Far
1689,19,0,Valley,Near
1690,0.61,0,Upland,Far
1691,0.1,1,Valley,Far
1692,0.12,0,Upland,Near
1693,0.77,0,Upland,Near
1694,2.5,0,Valley,Near
1695,2.7,0,Upland,Near
1696,0.61,0,Upland,Far
1697,0.49,0,Upland,Near
1698,0.25,0,Upland,Far
1699,0.52,0,Upland,Far
1700,0.41,0,Upland,Far
1701,26,1,Valley,Far